Workbook
Name Slicer_Discharge_Year: #N/A
Name Slicer_Facility_Name: #N/A
Name Slicer_PeerGroup_Name: #N/A

Sheet 00_ReadMe
A1: Excel Governance Contract
A3: Data source:
A4: dbo.vw_Excel_KPI_Executive_FacilityYear
A6: Grain:
A7: Facility-Year
A9: Rules:
A10: 1. No KPI formulas
A11: 2. No calculated fields in pivots
A12: 3. Use slicers for filtering, not edits to data
A13: 4. Interpret outcome KPIs within context KPIs (Severity, Intake, Payer)

Sheet 01_Data
A1: Facility_Key | B1: Facility_Name | C1: PeerGroup_Name | D1: PeerGroup_Count | E1: PeerGroup_List | F1: Discharge_Year | G1: Severity_Mix_Index | H1: Severity_Encounter_Count | I1: Severity_1_Count | J1: Severity_2_Count | K1: Severity_3_Count | L1: Severity_4_Count | M1: Commercial_Share | N1: Medicaid_Share | O1: Medicare_Share | P1: SelfPay_Share | Q1: Other_Share | R1: Payer_Encounter_Count_Sum | S1: Encounter_Count_Total | T1: Encounter_Count_Unplanned | U1: Encounter_Count_Planned | V1: Unplanned_Admission_Rate | W1: Home_Count | X1: PostAcute_Count | Y1: AcuteTransfer_Count | Z1: Expired_Count | AA1: OtherUnknown_Count | AB1: Home_Share | AC1: PostAcute_Share | AD1: AcuteTransfer_Share | AE1: Expired_Share | AF1: OtherUnknown_Share | AG1: Disposition_Total_Encounters | AH1: Avg_LOS | AI1: Min_LOS | AJ1: Max_LOS | AK1: Death_Count | AL1: Mortality_Rate | AM1: Avg_MCost | AN1: Margin_Pressure_Ratio | AO1: NegMargin_Rate | AP1: Total_Costs | AQ1: Total_Charges
A2: 1 | B2: Long Island Jewish Valley Stream | C2: PG-C Mid-Size Community | D2: 1 | E2: PG-C Mid-Size Community | F2: 2015 | G2: 2.6447 | H2: 2657 | I2: 430 | J2: 690 | K2: 931 | L2: 606 | M2: 0.1871 | N2: 0.2258 | O2: 0.5194 | P2: 0.0263 | Q2: 0.0414 | R2: 2657 | S2: 2657 | T2: 2387 | U2: 270 | V2: 0.8984 | W2: 1572 | X2: 454 | Y2: 0 | Z2: 46 | AA2: 0 | AB2: 0.5916 | AC2: 0.1709 | AD2: 0 | AE2: 0.0173 | AF2: 0 | AG2: 2657 | AH2: 4.9303726 | AI2: 1 | AJ2: 82 | AK2: 46 | AL2: 0.017312759 | AM2: 17193.681 | AN2: 0.31424283 | AO2: 0 | AP2: 45683612 | AQ2: 1.4537678e+08
A3: 2 | B3: Franklin Hospital | C3: PG-C Mid-Size Community | D3: 1 | E3: PG-C Mid-Size Community | F3: 2015 | G3: 2.6363 | H3: 6167 | I3: 1013 | J3: 1628 | K3: 2115 | L3: 1411 | M3: 0.193 | N3: 0.2244 | O3: 0.5144 | P3: 0.0261 | Q3: 0.0422 | R3: 6167 | S3: 6167 | T3: 5585 | U3: 582 | V3: 0.9056 | W3: 3713 | X3: 1025 | Y3: 0 | Z3: 122 | AA3: 0 | AB3: 0.6021 | AC3: 0.1662 | AD3: 0 | AE3: 0.0198 | AF3: 0 | AG3: 6167 | AH3: 5.030647 | AI3: 1 | AJ3: 120 | AK3: 122 | AL3: 0.019782714 | AM3: 17342.406 | AN3: 0.31280803 | AO3: 0 | AP3: 1.0695062e+08 | AQ3: 3.4190496e+08
A4: 3 | B4: Brookhaven Memorial Hospital Medical Center Inc | C4: PG-B Large Community | D4: 1 | E4: PG-B Large Community | F4: 2015 | G4: 2.7101 | H4: 12200 | I4: 1973 | J4: 3102 | K4: 3614 | L4: 3511 | M4: 0.3527 | N4: 0.054 | O4: 0.5704 | P4: 0.0229 | Q4: 0 | R4: 12200 | S4: 12200 | T4: 11786 | U4: 414 | V4: 0.9661 | W4: 5635 | X4: 2716 | Y4: 0 | Z4: 552 | AA4: 0 | AB4: 0.4619 | AC4: 0.2226 | AD4: 0 | AE4: 0.0452 | AF4: 0 | AG4: 12200 | AH4: 6.3327869 | AI4: 1 | AJ4: 120 | AK4: 552 | AL4: 0.045245902 | AM4: 11602.699 | AN4: 0.18709237 | AO4: 0 | AP4: 1.4155293e+08 | AQ4: 7.5659379e+08
A5: 4 | B5: St Catherine of Siena Hospital | C5: PG-B Large Community | D5: 1 | E5: PG-B Large Community | F5: 2015 | G5: 2.8366 | H5: 11126 | I5: 1472 | J5: 2579 | K5: 3370 | L5: 3705 | M5: 0.2621 | N5: 0.1963 | O5: 0.5184 | P5: 0.0052 | Q5: 0.018 | R5: 11126 | S5: 11126 | T5: 9231 | U5: 1895 | V5: 0.8297 | W5: 6936 | X5: 2192 | Y5: 0 | Z5: 312 | AA5: 0 | AB5: 0.6234 | AC5: 0.197 | AD5: 0 | AE5: 0.028 | AF5: 0 | AG5: 11126 | AH5: 5.7614596 | AI5: 1 | AJ5: 120 | AK5: 312 | AL5: 0.028042423 | AM5: 11178.658 | AN5: 0.20648173 | AO5: 0 | AP5: 1.2437375e+08 | AQ5: 6.023475e+08
A6: 5 | B6: Nassau University Medical Center | C6: PG-A Academic / Tertiary | D6: 1 | E6: PG-A Academic / Tertiary | F6: 2015 | G6: 2.6633 | H6: 19208 | I6: 3226 | J6: 5489 | K6: 5019 | L6: 5474 | M6: 0.1839 | N6: 0.4845 | O6: 0.2669 | P6: 0.0221 | Q6: 0.0426 | R6: 19208 | S6: 19208 | T6: 15758 | U6: 3450 | V6: 0.8204 | W6: 13822 | X6: 1523 | Y6: 0 | Z6: 396 | AA6: 0 | AB6: 0.7196 | AC6: 0.0793 | AD6: 0 | AE6: 0.0206 | AF6: 0 | AG6: 19208 | AH6: 5.9261766 | AI6: 1 | AJ6: 120 | AK6: 396 | AL6: 0.02061641 | AM6: 14000.472 | AN6: 0.41951106 | AO6: 0.031289 | AP6: 2.6892106e+08 | AQ6: 6.4103449e+08
A7: 6 | B7: Syosset Hospital | C7: PG-C Mid-Size Community | D7: 1 | E7: PG-C Mid-Size Community | F7: 2015 | G7: 2.3487 | H7: 3748 | I7: 860 | J7: 1303 | K7: 1003 | L7: 582 | M7: 0.3367 | N7: 0.0979 | O7: 0.5643 | P7: 0.0011 | Q7: 0 | R7: 3748 | S7: 3748 | T7: 2411 | U7: 1337 | V7: 0.6433 | W7: 1584 | X7: 1207 | Y7: 0 | Z7: 84 | AA7: 0 | AB7: 0.4226 | AC7: 0.322 | AD7: 0 | AE7: 0.0224 | AF7: 0 | AG7: 3748 | AH7: 5.1416756 | AI7: 1 | AJ7: 120 | AK7: 84 | AL7: 0.022411953 | AM7: 15623.624 | AN7: 0.22822398 | AO7: 0 | AP7: 58557341 | AQ7: 2.5657839e+08
A8: 7 | B8: St Francis Hospital | C8: PG-E Specialty-Dominant | D8: 1 | E8: PG-E Specialty-Dominant | F8: 2015 | G8: 2.7517 | H8: 15626 | I8: 2597 | J8: 3979 | K8: 3757 | L8: 5293 | M8: 0.2235 | N8: 0.0511 | O8: 0.7117 | P8: 0.003 | Q8: 0.0106 | R8: 15626 | S8: 15626 | T8: 12388 | U8: 3238 | V8: 0.7928 | W8: 7454 | X8: 3082 | Y8: 0 | Z8: 446 | AA8: 0 | AB8: 0.477 | AC8: 0.1972 | AD8: 0 | AE8: 0.0285 | AF8: 0 | AG8: 15626 | AH8: 6.4319724 | AI8: 1 | AJ8: 120 | AK8: 446 | AL8: 0.028542173 | AM8: 19265.353 | AN8: 0.196278 | AO8: 0 | AP8: 3.0104041e+08 | AQ8: 1.5337451e+09
A9: 8 | B9: Winthrop-University Hospital | C9: PG-A Academic / Tertiary | D9: 1 | E9: PG-A Academic / Tertiary | F9: 2015 | G9: 2.8627 | H9: 34921 | I9: 4478 | J9: 9200 | K9: 7883 | L9: 13360 | M9: 0.4288 | N9: 0.2003 | O9: 0.3462 | P9: 0.0075 | Q9: 0.0172 | R9: 34921 | S9: 34921 | T9: 21669 | U9: 13252 | V9: 0.6205 | W9: 23303 | X9: 3217 | Y9: 0 | Z9: 522 | AA9: 0 | AB9: 0.6673 | AC9: 0.0921 | AD9: 0 | AE9: 0.0149 | AF9: 0 | AG9: 34921 | AH9: 4.8065634 | AI9: 1 | AJ9: 120 | AK9: 522 | AL9: 0.014948026 | AM9: 14759.542 | AN9: 0.23318863 | AO9: 0 | AP9: 5.1541798e+08 | AQ9: 2.210305e+09
A10: 9 | B10: South Nassau Communities Hospital | C10: PG-B Large Community | D10: 1 | E10: PG-B Large Community | F10: 2015 | G10: 2.7898 | H10: 21435 | I10: 3041 | J10: 5746 | K10: 5326 | L10: 7322 | M10: 0.3141 | N10: 0.1911 | O10: 0.4685 | P10: 0.0031 | Q10: 0.0231 | R10: 21435 | S10: 21435 | T10: 16999 | U10: 4436 | V10: 0.793 | W10: 13374 | X10: 3526 | Y10: 0 | Z10: 586 | AA10: 0 | AB10: 0.6239 | AC10: 0.1645 | AD10: 0 | AE10: 0.0273 | AF10: 0 | AG10: 21435 | AH10: 5.184278 | AI10: 1 | AJ10: 120 | AK10: 586 | AL10: 0.027338465 | AM10: 10827.981 | AN10: 0.24968765 | AO10: 0.008164 | AP10: 2.3209777e+08 | AQ10: 9.2955246e+08
A11: 10 | B11: Southampton Hospital | C11: PG-D Rural / East-End | D11: 1 | E11: PG-D Rural / East-End | F11: 2015 | G11: 2.8802 | H11: 5434 | I11: 661 | J11: 1490 | K11: 1122 | L11: 2161 | M11: 0.2858 | N11: 0.2348 | O11: 0.4391 | P11: 0.0232 | Q11: 0.0171 | R11: 5434 | S11: 5434 | T11: 3870 | U11: 1564 | V11: 0.7122 | W11: 4267 | X11: 580 | Y11: 0 | Z11: 112 | AA11: 0 | AB11: 0.7852 | AC11: 0.1067 | AD11: 0 | AE11: 0.0206 | AF11: 0 | AG11: 5434 | AH11: 3.500184 | AI11: 1 | AJ11: 120 | AK11: 112 | AL11: 0.020610968 | AM11: 11198.972 | AN11: 0.37859169 | AO11: 0.002024 | AP11: 60855215 | AQ11: 1.6074102e+08
A12: 11 | B12: Eastern Long Island Hospital | C12: PG-D Rural / East-End | D12: 1 | E12: PG-D Rural / East-End | F12: 2015 | G12: 2.4981 | H12: 2576 | I12: 708 | J12: 535 | K12: 675 | L12: 658 | M12: 0.158 | N12: 0.5016 | O12: 0.3164 | P12: 0.0058 | Q12: 0.0182 | R12: 2576 | S12: 2576 | T12: 2121 | U12: 455 | V12: 0.8234 | W12: 1736 | X12: 456 | Y12: 0 | Z12: 31 | AA12: 0 | AB12: 0.6739 | AC12: 0.177 | AD12: 0 | AE12: 0.012 | AF12: 0 | AG12: 2576 | AH12: 6.8229814 | AI12: 1 | AJ12: 40 | AK12: 31 | AL12: 0.012034161 | AM12: 8113.5783 | AN12: 0.21242109 | AO12: 0 | AP12: 20900578 | AQ12: 98392195
A13: 12 | B13: Mercy Medical Center | C13: PG-B Large Community | D13: 1 | E13: PG-B Large Community | F13: 2015 | G13: 2.8783 | H13: 11128 | I13: 1383 | J13: 2743 | K13: 2847 | L13: 4155 | M13: 0.251 | N13: 0.2705 | O13: 0.449 | P13: 0.0141 | Q13: 0.0154 | R13: 11128 | S13: 11128 | T13: 8121 | U13: 3007 | V13: 0.7298 | W13: 6073 | X13: 1619 | Y13: 0 | Z13: 290 | AA13: 0 | AB13: 0.5457 | AC13: 0.1455 | AD13: 0 | AE13: 0.0261 | AF13: 0 | AG13: 11128 | AH13: 6.2629403 | AI13: 1 | AJ13: 120 | AK13: 290 | AL13: 0.026060388 | AM13: 12723.563 | AN13: 0.25584418 | AO13: 0 | AP13: 1.4158781e+08 | AQ13: 5.5341423e+08
... A24: 23 | B24: Good Samaritan Hospital Medical Center | C24: PG-B Large Community | D24: 1 | E24: PG-B Large Community | F24: 2015 | G24: 2.7818 | H24: 26288 | I24: 4059 | J24: 6987 | K24: 5873 | L24: 9369 | M24: 0.2933 | N24: 0.2871 | O24: 0.3852 | P24: 0.0152 | Q24: 0.0193 | R24: 26288 | S24: 26288 | T24: 20434 | U24: 5854 | V24: 0.7773 | W24: 18425 | X24: 2941 | Y24: 0 | Z24: 668 | AA24: 0 | AB24: 0.7009 | AC24: 0.1119 | AD24: 0 | AE24: 0.0254 | AF24: 0 | AG24: 26288 | AH24: 5.2032106 | AI24: 1 | AJ24: 120 | AK24: 668 | AL24: 0.025410834 | AM24: 12745.939 | AN24: 0.22455022 | AO24: 0 | AP24: 3.3506524e+08 | AQ24: 1.4921617e+09

Sheet 02_Pivots
A1: Discharge_Year | B1: (All)
A2: PeerGroup_Name | B2: (All)
A4: Row Labels | B4: Average of Severity_Mix_Index | C4: Average of Unplanned_Admission_Rate | D4: Average of Avg_LOS | E4: Average of Mortality_Rate | F4: Average of Margin_Pressure_Ratio | G4: Average of NegMargin_Rate | H4: Sum of Encounter_Count_Total | I4: Sum of Total_Costs | J4: Sum of Total_Charges | L4: Facility Name | M4: Unplanned Adm Rate | O4: Facility Name | P4: Avg LOS | R4: Facility Name | S4: Mortality Rate | U4: Facility Name | V4: Margin Pressure Ratio
A5: Brookhaven Memorial Hospital Medical Center Inc | B5: 2.7101 | C5: 0.9661 | D5: 6.3327869 | E5: 0.045245902 | F5: 0.18709237 | G5: 0 | H5: 12200 | I5: 1.4155293e+08 | J5: 7.5659379e+08 | L5: Brookhaven Memorial Hospital Medical Center Inc | M5: =IFERROR(GETPIVOTDATA("Unplanned_Admission_Rate",$A$4,"Facility_Name",L5),"") -> 0.9661 | O5: Brookhaven Memorial Hospital Medical Center Inc | P5: =IFERROR(GETPIVOTDATA("Avg_LOS",$A$4,"Facility_Name",O5),"") -> 6.3327869 | R5: Brookhaven Memorial Hospital Medical Center Inc | S5: =IFERROR(GETPIVOTDATA("Mortality_Rate",$A$4,"Facility_Name",R5),"") -> 0.045245902 | U5: Brookhaven Memorial Hospital Medical Center Inc | V5: =IFERROR(GETPIVOTDATA("Margin_Pressure_Ratio",$A$4,"Facility_Name",U5),"") -> 0.18709237
A6: Eastern Long Island Hospital | B6: 2.4981 | C6: 0.8234 | D6: 6.8229814 | E6: 0.012034161 | F6: 0.21242109 | G6: 0 | H6: 2576 | I6: 20900578 | J6: 98392195 | L6: Eastern Long Island Hospital | M6: =IFERROR(GETPIVOTDATA("Unplanned_Admission_Rate",$A$4,"Facility_Name",L6),"") -> 0.8234 | O6: Eastern Long Island Hospital | P6: =IFERROR(GETPIVOTDATA("Avg_LOS",$A$4,"Facility_Name",O6),"") -> 6.8229814 | R6: Eastern Long Island Hospital | S6: =IFERROR(GETPIVOTDATA("Mortality_Rate",$A$4,"Facility_Name",R6),"") -> 0.012034161 | U6: Eastern Long Island Hospital | V6: =IFERROR(GETPIVOTDATA("Margin_Pressure_Ratio",$A$4,"Facility_Name",U6),"") -> 0.21242109
A7: Franklin Hospital | B7: 2.6363 | C7: 0.9056 | D7: 5.030647 | E7: 0.019782714 | F7: 0.31280803 | G7: 0 | H7: 6167 | I7: 1.0695062e+08 | J7: 3.4190496e+08 | L7: Franklin Hospital | M7: =IFERROR(GETPIVOTDATA("Unplanned_Admission_Rate",$A$4,"Facility_Name",L7),"") -> 0.9056 | O7: Franklin Hospital | P7: =IFERROR(GETPIVOTDATA("Avg_LOS",$A$4,"Facility_Name",O7),"") -> 5.030647 | R7: Franklin Hospital | S7: =IFERROR(GETPIVOTDATA("Mortality_Rate",$A$4,"Facility_Name",R7),"") -> 0.019782714 | U7: Franklin Hospital | V7: =IFERROR(GETPIVOTDATA("Margin_Pressure_Ratio",$A$4,"Facility_Name",U7),"") -> 0.31280803
A8: Glen Cove Hospital | B8: 2.9232 | C8: 0.7492 | D8: 7.0670656 | E8: 0.036898529 | F8: 0.31078361 | G8: 0 | H8: 4011 | I8: 61750438 | J8: 1.9869271e+08 | L8: Glen Cove Hospital | M8: =IFERROR(GETPIVOTDATA("Unplanned_Admission_Rate",$A$4,"Facility_Name",L8),"") -> 0.7492 | O8: Glen Cove Hospital | P8: =IFERROR(GETPIVOTDATA("Avg_LOS",$A$4,"Facility_Name",O8),"") -> 7.0670656 | R8: Glen Cove Hospital | S8: =IFERROR(GETPIVOTDATA("Mortality_Rate",$A$4,"Facility_Name",R8),"") -> 0.036898529 | U8: Glen Cove Hospital | V8: =IFERROR(GETPIVOTDATA("Margin_Pressure_Ratio",$A$4,"Facility_Name",U8),"") -> 0.31078361
A9: Good Samaritan Hospital Medical Center | B9: 2.7818 | C9: 0.7773 | D9: 5.2032106 | E9: 0.025410834 | F9: 0.22455022 | G9: 0 | H9: 26288 | I9: 3.3506524e+08 | J9: 1.4921617e+09 | L9: Good Samaritan Hospital Medical Center | M9: =IFERROR(GETPIVOTDATA("Unplanned_Admission_Rate",$A$4,"Facility_Name",L9),"") -> 0.7773 | O9: Good Samaritan Hospital Medical Center | P9: =IFERROR(GETPIVOTDATA("Avg_LOS",$A$4,"Facility_Name",O9),"") -> 5.2032106 | R9: Good Samaritan Hospital Medical Center | S9: =IFERROR(GETPIVOTDATA("Mortality_Rate",$A$4,"Facility_Name",R9),"") -> 0.025410834 | U9: Good Samaritan Hospital Medical Center | V9: =IFERROR(GETPIVOTDATA("Margin_Pressure_Ratio",$A$4,"Facility_Name",U9),"") -> 0.22455022
A10: Huntington Hospital | B10: 2.7661 | C10: 0.728 | D10: 4.7236027 | E10: 0.016626787 | F10: 0.30144506 | G10: 0 | H10: 16299 | I10: 2.0110509e+08 | J10: 6.6713678e+08 | L10: Huntington Hospital | M10: =IFERROR(GETPIVOTDATA("Unplanned_Admission_Rate",$A$4,"Facility_Name",L10),"") -> 0.728 | O10: Huntington Hospital | P10: =IFERROR(GETPIVOTDATA("Avg_LOS",$A$4,"Facility_Name",O10),"") -> 4.7236027 | R10: Huntington Hospital | S10: =IFERROR(GETPIVOTDATA("Mortality_Rate",$A$4,"Facility_Name",R10),"") -> 0.016626787 | U10: Huntington Hospital | V10: =IFERROR(GETPIVOTDATA("Margin_Pressure_Ratio",$A$4,"Facility_Name",U10),"") -> 0.30144506
A11: John T Mather Memorial Hospital of Port Jefferson New York Inc | B11: 2.7741 | C11: 0.8665 | D11: 6.066697 | E11: 0.019407745 | F11: 0.2658495 | G11: 0 | H11: 10975 | I11: 1.5148715e+08 | J11: 5.6982296e+08 | L11: John T Mather Memorial Hospital of Port Jefferson New York Inc | M11: =IFERROR(GETPIVOTDATA("Unplanned_Admission_Rate",$A$4,"Facility_Name",L11),"") -> 0.8665 | O11: John T Mather Memorial Hospital of Port Jefferson New York Inc | P11: =IFERROR(GETPIVOTDATA("Avg_LOS",$A$4,"Facility_Name",O11),"") -> 6.066697 | R11: John T Mather Memorial Hospital of Port Jefferson New York Inc | S11: =IFERROR(GETPIVOTDATA("Mortality_Rate",$A$4,"Facility_Name",R11),"") -> 0.019407745 | U11: John T Mather Memorial Hospital of Port Jefferson New York Inc | V11: =IFERROR(GETPIVOTDATA("Margin_Pressure_Ratio",$A$4,"Facility_Name",U11),"") -> 0.2658495
A12: Long Island Jewish Valley Stream | B12: 2.6447 | C12: 0.8984 | D12: 4.9303726 | E12: 0.017312759 | F12: 0.31424283 | G12: 0 | H12: 2657 | I12: 45683612 | J12: 1.4537678e+08 | L12: Long Island Jewish Valley Stream | M12: =IFERROR(GETPIVOTDATA("Unplanned_Admission_Rate",$A$4,"Facility_Name",L12),"") -> 0.8984 | O12: Long Island Jewish Valley Stream | P12: =IFERROR(GETPIVOTDATA("Avg_LOS",$A$4,"Facility_Name",O12),"") -> 4.9303726 | R12: Long Island Jewish Valley Stream | S12: =IFERROR(GETPIVOTDATA("Mortality_Rate",$A$4,"Facility_Name",R12),"") -> 0.017312759 | U12: Long Island Jewish Valley Stream | V12: =IFERROR(GETPIVOTDATA("Margin_Pressure_Ratio",$A$4,"Facility_Name",U12),"") -> 0.31424283
A13: Mercy Medical Center | B13: 2.8783 | C13: 0.7298 | D13: 6.2629403 | E13: 0.026060388 | F13: 0.25584418 | G13: 0 | H13: 11128 | I13: 1.4158781e+08 | J13: 5.5341423e+08 | L13: Mercy Medical Center | M13: =IFERROR(GETPIVOTDATA("Unplanned_Admission_Rate",$A$4,"Facility_Name",L13),"") -> 0.7298 | O13: Mercy Medical Center | P13: =IFERROR(GETPIVOTDATA("Avg_LOS",$A$4,"Facility_Name",O13),"") -> 6.2629403 | R13: Mercy Medical Center | S13: =IFERROR(GETPIVOTDATA("Mortality_Rate",$A$4,"Facility_Name",R13),"") -> 0.026060388 | U13: Mercy Medical Center | V13: =IFERROR(GETPIVOTDATA("Margin_Pressure_Ratio",$A$4,"Facility_Name",U13),"") -> 0.25584418
A14: Nassau University Medical Center | B14: 2.6633 | C14: 0.8204 | D14: 5.9261766 | E14: 0.02061641 | F14: 0.41951106 | G14: 0.031289 | H14: 19208 | I14: 2.6892106e+08 | J14: 6.4103449e+08 | L14: Nassau University Medical Center | M14: =IFERROR(GETPIVOTDATA("Unplanned_Admission_Rate",$A$4,"Facility_Name",L14),"") -> 0.8204 | O14: Nassau University Medical Center | P14: =IFERROR(GETPIVOTDATA("Avg_LOS",$A$4,"Facility_Name",O14),"") -> 5.9261766 | R14: Nassau University Medical Center | S14: =IFERROR(GETPIVOTDATA("Mortality_Rate",$A$4,"Facility_Name",R14),"") -> 0.02061641 | U14: Nassau University Medical Center | V14: =IFERROR(GETPIVOTDATA("Margin_Pressure_Ratio",$A$4,"Facility_Name",U14),"") -> 0.41951106
A15: North Shore University Hospital | B15: 2.829 | C15: 0.6754 | D15: 5.4342481 | E15: 0.020140987 | F15: 0.21363968 | G15: 0 | H15: 47664 | I15: 7.6748485e+08 | J15: 3.5924265e+09 | L15: North Shore University Hospital | M15: =IFERROR(GETPIVOTDATA("Unplanned_Admission_Rate",$A$4,"Facility_Name",L15),"") -> 0.6754 | O15: North Shore University Hospital | P15: =IFERROR(GETPIVOTDATA("Avg_LOS",$A$4,"Facility_Name",O15),"") -> 5.4342481 | R15: North Shore University Hospital | S15: =IFERROR(GETPIVOTDATA("Mortality_Rate",$A$4,"Facility_Name",R15),"") -> 0.020140987 | U15: North Shore University Hospital | V15: =IFERROR(GETPIVOTDATA("Margin_Pressure_Ratio",$A$4,"Facility_Name",U15),"") -> 0.21363968
A16: Peconic Bay Medical Center | B16: 2.6449 | C16: 0.7485 | D16: 4.0196029 | E16: 0.024058045 | F16: 0.45978102 | G16: 0.033859 | H16: 7856 | I16: 1.4758082e+08 | J16: 3.2098067e+08 | L16: Peconic Bay Medical Center | M16: =IFERROR(GETPIVOTDATA("Unplanned_Admission_Rate",$A$4,"Facility_Name",L16),"") -> 0.7485 | O16: Peconic Bay Medical Center | P16: =IFERROR(GETPIVOTDATA("Avg_LOS",$A$4,"Facility_Name",O16),"") -> 4.0196029 | R16: Peconic Bay Medical Center | S16: =IFERROR(GETPIVOTDATA("Mortality_Rate",$A$4,"Facility_Name",R16),"") -> 0.024058045 | U16: Peconic Bay Medical Center | V16: =IFERROR(GETPIVOTDATA("Margin_Pressure_Ratio",$A$4,"Facility_Name",U16),"") -> 0.45978102
... A27: Winthrop-University Hospital | B27: 2.8627 | C27: 0.6205 | D27: 4.8065634 | E27: 0.014948026 | F27: 0.23318863 | G27: 0 | H27: 34921 | I27: 5.1541798e+08 | J27: 2.210305e+09 | L27: Winthrop-University Hospital | M27: =IFERROR(GETPIVOTDATA("Unplanned_Admission_Rate",$A$4,"Facility_Name",L27),"") -> 0.6205 | O27: Winthrop-University Hospital | P27: =IFERROR(GETPIVOTDATA("Avg_LOS",$A$4,"Facility_Name",O27),"") -> 4.8065634 | R27: Winthrop-University Hospital | S27: =IFERROR(GETPIVOTDATA("Mortality_Rate",$A$4,"Facility_Name",R27),"") -> 0.014948026 | U27: Winthrop-University Hospital | V27: =IFERROR(GETPIVOTDATA("Margin_Pressure_Ratio",$A$4,"Facility_Name",U27),"") -> 0.23318863
A28: Grand Total | B28: 2.735087 | C28: 0.77216522 | D28: 5.4548629 | E28: 0.023500782 | F28: 0.27985239 | G28: 0.0033581304 | H28: 339039 | I28: 4.9238373e+09 | J28: 1.9165514e+10

Sheet 03_Dashboard
A1: Executive KPI Overview
A2: Facility Performance Distribution · Use slicers to filter by Year, Peer Group, or Facility
A14: KPI Scoreboard (Filtered Totals)
A15: Total Encounters | C15: Avg Severity Index | E15: Avg Unplanned Adm Rate | G15: Avg LOS (days) | I15: Avg Mortality Rate | K15: Avg Margin Pressure | M15: Total Costs
A16: =GETPIVOTDATA("Sum of Encounter_Count_Total",'02_Pivots'!$A$4) -> 339039 | C16: =GETPIVOTDATA("Average of Severity_Mix_Index",'02_Pivots'!$A$4) -> 2.735087 | E16: =GETPIVOTDATA("Average of Unplanned_Admission_Rate",'02_Pivots'!$A$4) -> 0.77216522 | G16: =GETPIVOTDATA("Average of Avg_LOS",'02_Pivots'!$A$4) -> 5.4548629 | I16: =GETPIVOTDATA("Average of Mortality_Rate",'02_Pivots'!$A$4) -> 0.023500782 | K16: =GETPIVOTDATA("Average of Margin_Pressure_Ratio",'02_Pivots'!$A$4) -> 0.27985239 | M16: =GETPIVOTDATA("Sum of Total_Costs",'02_Pivots'!$A$4) -> 4.9238373e+09
A17: ⚐ Read as context and distribution, not performance ranking.
A18: ⚐ Outcome KPIs should be interpreted after Severity and Intake context.
A19: ⚐ All metrics originate from validated SQL logic; Excel contains no KPI math.
